entity_id,name,category,subtype,status,vessel_classes,home_zone_id,function,dependencies,asset_links,story_uses,dimensions,quantity,unit_mass,power,water,heat,maintenance,notes
WTR-024,Top ring water lane,WTR,approved central circulation path,mapped_stage1,ARC-01|ARC-02|ARC-03|ARC-04|ARC-05,ARC01-RING-TOP,approved central circulation path,,,,,,,,,,,
WTR-025,Bottom ring water lane,WTR,approved central circulation path,mapped_stage1,ARC-01|ARC-02|ARC-03|ARC-04|ARC-05,ARC01-RING-BOTTOM,approved central circulation path,,,,,,,,,,,
WTR-026,Dry left ring sector,WTR,explicit no-water zone,mapped_stage1,ARC-01|ARC-02|ARC-03|ARC-04|ARC-05,ARC01-RING-LEFT,explicit no-water zone,,,,,,,,,,,
WTR-027,Dry right ring sector,WTR,explicit no-water zone,mapped_stage1,ARC-01|ARC-02|ARC-03|ARC-04|ARC-05,ARC01-RING-RIGHT,explicit no-water zone,,,,,,,,,,,
WTR-028,Far-base reclamation intake,WTR,"return-flow destination, final geometry TBD",mapped_stage1,ARC-01|ARC-02|ARC-03|ARC-04|ARC-05,ARC01-WATER-BASE,"return-flow destination, final geometry TBD",,,,,,,,,,,
WTR-029,Water storage cisterns,WTR,buffer capacity,mapped_stage1,ARC-01|ARC-02|ARC-03|ARC-04|ARC-05,ARC01-WATER,buffer capacity,,,,,,,,,,,
WTR-030,High-head pumps,WTR,large elevation/pressure movement,mapped_stage1,ARC-01|ARC-02|ARC-03|ARC-04|ARC-05,ARC01-WATER,large elevation/pressure movement,,,,,,,,,,,
WTR-031,Low-head circulation pumps,WTR,ecosystem movement,mapped_stage1,ARC-01|ARC-02|ARC-03|ARC-04|ARC-05,ARC01-WATER,ecosystem movement,,,,,,,,,,,
WTR-032,Leak detection,WTR,loss prevention,mapped_stage1,ARC-01|ARC-02|ARC-03|ARC-04|ARC-05,ARC01-WATER,loss prevention,,,,,,,,,,,
WTR-033,Flood containment,WTR,emergency zoning,mapped_stage1,ARC-01|ARC-02|ARC-03|ARC-04|ARC-05,ARC01-WATER,emergency zoning,,,,,,,,,,,
WTR-034,Under-panel ocean volume,WTR,large aquatic habitat,mapped_stage1,ARC-01|ARC-02|ARC-03|ARC-04|ARC-05,ARC01-WATER-UNDER-A,large aquatic habitat,,,,,,,,,,,
WTR-035,Aquatic viewing/observation structure,WTR,civilian/scientific access,mapped_stage1,ARC-01|ARC-02|ARC-03|ARC-04|ARC-05,ARC01-WATER,civilian/scientific access,,,,,,,,,,,
HAB-001,High-density residential towers,HAB,housing,mapped_stage1,ARC-01|ARC-02|ARC-03|ARC-04|ARC-05,ARC01-BR01-RES-HI,housing,,,,,,,,,,,
HAB-002,Mid-rise residential blocks,HAB,housing,mapped_stage1,ARC-01|ARC-02|ARC-03|ARC-04|ARC-05,ARC01-BR01-RES-HI,housing,,,,,,,,,,,
HAB-003,Low-rise family districts,HAB,housing,mapped_stage1,ARC-01|ARC-02|ARC-03|ARC-04|ARC-05,ARC01-BR01-RES-HI,housing,,,,,,,,,,,
HAB-004,Schools,HAB,education,mapped_stage1,ARC-01|ARC-02|ARC-03|ARC-04|ARC-05,ARC01-BR02-EDU,education,,,,,,,,,,,
HAB-005,Universities/research institutes,HAB,education/research,mapped_stage1,ARC-01|ARC-02|ARC-03|ARC-04|ARC-05,ARC01-BR02-EDU,education/research,,,,,,,,,,,
HAB-006,Hospitals,HAB,medical,mapped_stage1,ARC-01|ARC-02|ARC-03|ARC-04|ARC-05,ARC01-BR02-MED,medical,,,,,,,,,,,
HAB-007,Clinics,HAB,medical,mapped_stage1,ARC-01|ARC-02|ARC-03|ARC-04|ARC-05,ARC01-BR02-MED,medical,,,,,,,,,,,
HAB-008,Civic administration,HAB,government,mapped_stage1,ARC-01|ARC-02|ARC-03|ARC-04|ARC-05,ARC01-BR02-CIVIC,government,,,,,,,,,,,
HAB-009,Emergency operations center,HAB,incident management,mapped_stage1,ARC-01|ARC-02|ARC-03|ARC-04|ARC-05,ARC01-BR01-RES-HI,incident management,,,,,,,,,,,
HAB-010,Markets,HAB,food/commerce,mapped_stage1,ARC-01|ARC-02|ARC-03|ARC-04|ARC-05,ARC01-BR01-RES-HI,food/commerce,,,,,,,,,,,
HAB-011,Retail districts,HAB,commerce,mapped_stage1,ARC-01|ARC-02|ARC-03|ARC-04|ARC-05,ARC01-BR01-RES-HI,commerce,,,,,,,,,,,
HAB-012,Warehouses,HAB,storage/logistics,mapped_stage1,ARC-01|ARC-02|ARC-03|ARC-04|ARC-05,ARC01-BR05-TECH-SUB,storage/logistics,,,,,,,,,,,
HAB-013,Food distribution hubs,HAB,supply chain,mapped_stage1,ARC-01|ARC-02|ARC-03|ARC-04|ARC-05,ARC01-BR04-AGRI,supply chain,,,,,,,,,,,
HAB-014,Restaurants,HAB,hospitality,mapped_stage1,ARC-01|ARC-02|ARC-03|ARC-04|ARC-05,ARC01-BR01-RES-HI,hospitality,,,,,,,,,,,
HAB-015,Public parks,HAB,recreation/ecology,mapped_stage1,ARC-01|ARC-02|ARC-03|ARC-04|ARC-05,ARC01-BR04-PARK,recreation/ecology,,,,,,,,,,,
HAB-016,Botanical gardens,HAB,research/recreation,mapped_stage1,ARC-01|ARC-02|ARC-03|ARC-04|ARC-05,ARC01-BR01-RES-HI,research/recreation,,,,,,,,,,,
HAB-017,Libraries/archives,HAB,knowledge,mapped_stage1,ARC-01|ARC-02|ARC-03|ARC-04|ARC-05,ARC01-BR01-RES-HI,knowledge,,,,,,,,,,,
HAB-018,Museums/cultural centers,HAB,culture,mapped_stage1,ARC-01|ARC-02|ARC-03|ARC-04|ARC-05,ARC01-BR02-CIVIC,culture,,,,,,,,,,,
HAB-019,Religious/spiritual spaces,HAB,culture,mapped_stage1,ARC-01|ARC-02|ARC-03|ARC-04|ARC-05,ARC01-BR01-RES-HI,culture,,,,,,,,,,,
HAB-020,Sports facilities,HAB,recreation,mapped_stage1,ARC-01|ARC-02|ARC-03|ARC-04|ARC-05,ARC01-BR01-RES-HI,recreation,,,,,,,,,,,
HAB-021,Transit stations,HAB,mobility,mapped_stage1,ARC-01|ARC-02|ARC-03|ARC-04|ARC-05,ARC01-BR01-TRANSIT,mobility,,,,,,,,,,,
HAB-022,Road network,HAB,mobility,mapped_stage1,ARC-01|ARC-02|ARC-03|ARC-04|ARC-05,ARC01-BR01-TRANSIT,mobility,,,,,,,,,,,
HAB-023,Pedestrian network,HAB,mobility,mapped_stage1,ARC-01|ARC-02|ARC-03|ARC-04|ARC-05,ARC01-BR01-TRANSIT,mobility,,,,,,,,,,,
HAB-024,Bicycle/micro-mobility network,HAB,mobility,mapped_stage1,ARC-01|ARC-02|ARC-03|ARC-04|ARC-05,ARC01-BR01-RES-HI,mobility,,,,,,,,,,,
HAB-025,Freight corridors,HAB,logistics,mapped_stage1,ARC-01|ARC-02|ARC-03|ARC-04|ARC-05,ARC01-BR01-RES-HI,logistics,,,,,,,,,,,
HAB-026,Agricultural production zones,HAB,food,mapped_stage1,ARC-01|ARC-02|ARC-03|ARC-04|ARC-05,ARC01-BR04-AGRI,food,,,,,,,,,,,
HAB-027,Greenhouses,HAB,food/research,mapped_stage1,ARC-01|ARC-02|ARC-03|ARC-04|ARC-05,ARC01-BR04-AGRI,food/research,,,,,,,,,,,
HAB-028,Food processing plants,HAB,food,mapped_stage1,ARC-01|ARC-02|ARC-03|ARC-04|ARC-05,ARC01-BR04-AGRI,food,,,,,,,,,,,
HAB-029,Waste processing center,HAB,circular economy,mapped_stage1,ARC-01|ARC-02|ARC-03|ARC-04|ARC-05,ARC01-BR05-TECH-SUB,circular economy,,,,,,,,,,,
HAB-030,Recycling/material recovery facility,HAB,circular economy,mapped_stage1,ARC-01|ARC-02|ARC-03|ARC-04|ARC-05,ARC01-BR05-TECH-SUB,circular economy,,,,,,,,,,,
HAB-031,Fabrication/manufacturing district,HAB,industry,mapped_stage1,ARC-01|ARC-02|ARC-03|ARC-04|ARC-05,ARC01-BR05-TECH-SUB,industry,,,,,,,,,,,
HAB-032,Water treatment district,HAB,utilities,mapped_stage1,ARC-01|ARC-02|ARC-03|ARC-04|ARC-05,ARC01-BR01-RES-HI,utilities,,,,,,,,,,,
HAB-033,Power distribution district,HAB,utilities,mapped_stage1,ARC-01|ARC-02|ARC-03|ARC-04|ARC-05,ARC01-BR01-RES-HI,utilities,,,,,,,,,,,
HAB-034,Data centers,HAB,digital infrastructure,mapped_stage1,ARC-01|ARC-02|ARC-03|ARC-04|ARC-05,ARC01-BR01-RES-HI,digital infrastructure,,,,,,,,,,,
HAB-035,Security/fire stations,HAB,safety,mapped_stage1,ARC-01|ARC-02|ARC-03|ARC-04|ARC-05,ARC01-BR01-RES-HI,safety,,,,,,,,,,,
HAB-036,Refuge shelters,HAB,disaster resilience,mapped_stage1,ARC-01|ARC-02|ARC-03|ARC-04|ARC-05,ARC01-BR01-RES-HI,disaster resilience,,,,,,,,,,,
HAB-037,Maintenance workshops,HAB,engineering,mapped_stage1,ARC-01|ARC-02|ARC-03|ARC-04|ARC-05,ARC01-BR01-RES-HI,engineering,,,,,,,,,,,
HAB-038,Docking terminals,HAB,transport,mapped_stage1,ARC-01|ARC-02|ARC-03|ARC-04|ARC-05,ARC01-BR01-RES-HI,transport,,,,,,,,,,,
HAB-039,Crew/visitor quarantine,HAB,biosecurity,mapped_stage1,ARC-01|ARC-02|ARC-03|ARC-04|ARC-05,ARC01-BR01-RES-HI,biosecurity,,,,,,,,,,,
HAB-040,Memorial/cemetery system,HAB,culture/end-of-life planning,mapped_stage1,ARC-01|ARC-02|ARC-03|ARC-04|ARC-05,ARC01-BR01-RES-HI,culture/end-of-life planning,,,,,,,,,,,
DIG-001,Ship-wide operations network,DIG,control/data backbone,mapped_stage1,ARC-01|ARC-02|ARC-03|ARC-04|ARC-05,ARC01-CORE-DATA,control/data backbone,,,,,,,,,,,
DIG-002,Navigation system,DIG,trajectory/orientation,mapped_stage1,ARC-01|ARC-02|ARC-03|ARC-04|ARC-05,ARC01-CORE-DATA,trajectory/orientation,,,,,,,,,,,
DIG-003,Attitude/spin control,DIG,rotation management,mapped_stage1,ARC-01|ARC-02|ARC-03|ARC-04|ARC-05,ARC01-CORE-DATA,rotation management,,,,,,,,,,,
DIG-004,Life-support control system,DIG,ECLSS automation,mapped_stage1,ARC-01|ARC-02|ARC-03|ARC-04|ARC-05,ARC01-CORE-DATA,ECLSS automation,,,,,,,,,,,
DIG-005,Water-management control system,DIG,water balancing,mapped_stage1,ARC-01|ARC-02|ARC-03|ARC-04|ARC-05,ARC01-CORE-DATA,water balancing,,,,,,,,,,,
DIG-006,Climate/weather control system,DIG,environmental automation,mapped_stage1,ARC-01|ARC-02|ARC-03|ARC-04|ARC-05,ARC01-CORE-DATA,environmental automation,,,,,,,,,,,
DIG-007,Power-grid control system,DIG,energy dispatch,mapped_stage1,ARC-01|ARC-02|ARC-03|ARC-04|ARC-05,ARC01-CORE-DATA,energy dispatch,,,,,,,,,,,
DIG-008,Transit control system,DIG,traffic management,mapped_stage1,ARC-01|ARC-02|ARC-03|ARC-04|ARC-05,ARC01-CORE-DATA,traffic management,,,,,,,,,,,
DIG-009,Docking control,DIG,visiting craft,mapped_stage1,ARC-01|ARC-02|ARC-03|ARC-04|ARC-05,ARC01-CORE-DATA,visiting craft,,,,,,,,,,,
DIG-010,Structural health monitoring,DIG,strain/vibration/crack sensing,mapped_stage1,ARC-01|ARC-02|ARC-03|ARC-04|ARC-05,ARC01-CORE-DATA,strain/vibration/crack sensing,,,,,,,,,,,
DIG-011,Digital twin,DIG,real-time vessel model,mapped_stage1,ARC-01|ARC-02|ARC-03|ARC-04|ARC-05,ARC01-CORE-DATA,real-time vessel model,,,,,,,,,,,
DIG-012,Population registry,DIG,civil administration,mapped_stage1,ARC-01|ARC-02|ARC-03|ARC-04|ARC-05,ARC01-CORE-DATA,civil administration,,,,,,,,,,,
DIG-013,Medical records system,DIG,health,mapped_stage1,ARC-01|ARC-02|ARC-03|ARC-04|ARC-05,ARC01-CORE-DATA,health,,,,,,,,,,,
DIG-014,Ecology registry,DIG,species/population tracking,mapped_stage1,ARC-01|ARC-02|ARC-03|ARC-04|ARC-05,ARC01-CORE-DATA,species/population tracking,,,,,,,,,,,
DIG-015,Materials inventory,DIG,supply chain,mapped_stage1,ARC-01|ARC-02|ARC-03|ARC-04|ARC-05,ARC01-CORE-DATA,supply chain,,,,,,,,,,,
DIG-016,Maintenance CMMS,DIG,work orders/spares,mapped_stage1,ARC-01|ARC-02|ARC-03|ARC-04|ARC-05,ARC01-CORE-DATA,work orders/spares,,,,,,,,,,,
DIG-017,Emergency alert network,DIG,public safety,mapped_stage1,ARC-01|ARC-02|ARC-03|ARC-04|ARC-05,ARC01-CORE-DATA,public safety,,,,,,,,,,,
DIG-018,Communications network,DIG,civilian/commercial,mapped_stage1,ARC-01|ARC-02|ARC-03|ARC-04|ARC-05,ARC01-CORE-DATA,civilian/commercial,,,,,,,,,,,
DIG-019,Long-range communications,DIG,fleet/external,mapped_stage1,ARC-01|ARC-02|ARC-03|ARC-04|ARC-05,ARC01-CORE-DATA,fleet/external,,,,,,,,,,,
DIG-020,Antenna/spire sensor suite,DIG,long-range sensing,mapped_stage1,ARC-01|ARC-02|ARC-03|ARC-04|ARC-05,ARC01-CORE-DATA,long-range sensing,,,,,,,,,,,
DIG-021,Cybersecurity boundary,DIG,systems protection,mapped_stage1,ARC-01|ARC-02|ARC-03|ARC-04|ARC-05,ARC01-CORE-DATA,systems protection,,,,,,,,,,,
DIG-022,AI operations layer,DIG,decision support,mapped_stage1,ARC-01|ARC-02|ARC-03|ARC-04|ARC-05,ARC01-CORE-DATA,decision support,,,,,,,,,,,
DIG-023,Robotics fleet manager,DIG,autonomous maintenance,mapped_stage1,ARC-01|ARC-02|ARC-03|ARC-04|ARC-05,ARC01-CORE-DATA,autonomous maintenance,,,,,,,,,,,
DIG-024,Media/broadcast system,DIG,culture/information,mapped_stage1,ARC-01|ARC-02|ARC-03|ARC-04|ARC-05,ARC01-CORE-DATA,culture/information,,,,,,,,,,,
DIG-025,Timekeeping/navigation reference,DIG,synchronization,mapped_stage1,ARC-01|ARC-02|ARC-03|ARC-04|ARC-05,ARC01-CORE-DATA,synchronization,,,,,,,,,,,
MAT-001,Iron,MAT,element; steels and machinery,mapped_stage1,ARC-01|ARC-02|ARC-03|ARC-04|ARC-05,ARC01-BR05-TECH-SUB,element; steels and machinery,,,,,,,,,,,
